"category","year","tags","tag_count"
"Colorwork",2013,"Intarsia",46
"Colorwork",2013,"corrugated-ribbing",21
"Colorwork",2013,"illusion",1
"Colorwork",2013,"mosaic",22
"Colorwork",2013,"other-colorwork",36
"Colorwork",2013,"stranded",270
"Colorwork",2013,"stripes-colorwork",187
"Colorwork",2014,"Intarsia",40
"Colorwork",2014,"corrugated-ribbing",30
"Colorwork",2014,"illusion",1
"Colorwork",2014,"mosaic",19
"Colorwork",2014,"other-colorwork",50
"Colorwork",2014,"stranded",331
"Colorwork",2014,"stripes-colorwork",231
"Colorwork",2015,"Intarsia",26
"Colorwork",2015,"corrugated-ribbing",27
"Colorwork",2015,"mosaic",21
"Colorwork",2015,"other-colorwork",41
"Colorwork",2015,"stranded",353
"Colorwork",2015,"stripes-colorwork",242
"Colorwork",2016,"Intarsia",23
"Colorwork",2016,"corrugated-ribbing",18
"Colorwork",2016,"mosaic",27
"Colorwork",2016,"other-colorwork",46
"Colorwork",2016,"stranded",341
"Colorwork",2016,"stripes-colorwork",316
"Colorwork",2017,"Intarsia",48
"Colorwork",2017,"corrugated-ribbing",28
"Colorwork",2017,"illusion",3
"Colorwork",2017,"mosaic",45
"Colorwork",2017,"other-colorwork",51
"Colorwork",2017,"stranded",518
"Colorwork",2017,"stripes-colorwork",350
"Colorwork",2018,"Intarsia",41
"Colorwork",2018,"corrugated-ribbing",16
"Colorwork",2018,"mosaic",62
"Colorwork",2018,"other-colorwork",73
"Colorwork",2018,"stranded",538
"Colorwork",2018,"stripes-colorwork",389
"Colorwork",2019,"Intarsia",28
"Colorwork",2019,"corrugated-ribbing",17
"Colorwork",2019,"illusion",1
"Colorwork",2019,"mosaic",96
"Colorwork",2019,"other-colorwork",92
"Colorwork",2019,"stranded",612
"Colorwork",2019,"stripes-colorwork",395
"Colorwork",2020,"Intarsia",33
"Colorwork",2020,"corrugated-ribbing",16
"Colorwork",2020,"illusion",2
"Colorwork",2020,"mosaic",70
"Colorwork",2020,"other-colorwork",137
"Colorwork",2020,"stranded",775
"Colorwork",2020,"stripes-colorwork",471
"Colorwork",2021,"Intarsia",43
"Colorwork",2021,"corrugated-ribbing",16
"Colorwork",2021,"illusion",1
"Colorwork",2021,"mosaic",99
"Colorwork",2021,"other-colorwork",77
"Colorwork",2021,"stranded",812
"Colorwork",2021,"stripes-colorwork",611
"Colorwork",2022,"Intarsia",33
"Colorwork",2022,"corrugated-ribbing",27
"Colorwork",2022,"illusion",1
"Colorwork",2022,"mosaic",106
"Colorwork",2022,"other-colorwork",60
"Colorwork",2022,"stranded",947
"Colorwork",2022,"stripes-colorwork",555
"Colorwork",2023,"Intarsia",40
"Colorwork",2023,"corrugated-ribbing",17
"Colorwork",2023,"illusion",4
"Colorwork",2023,"mosaic",101
"Colorwork",2023,"other-colorwork",84
"Colorwork",2023,"stranded",883
"Colorwork",2023,"stripes-colorwork",540
"Construction",2013,"bias",7
"Construction",2013,"buttonholes",2
"Construction",2013,"doubleknit",4
"Construction",2013,"entrelac",3
"Construction",2013,"freeform",1
"Construction",2013,"gusset",395
"Construction",2013,"icord",9
"Construction",2013,"in-the-round",1221
"Construction",2013,"kitchener",523
"Construction",2013,"modular",9
"Construction",2013,"one-piece",446
"Construction",2013,"provisional",51
"Construction",2013,"seamed",18
"Construction",2013,"seamless",500
"Construction",2013,"selvedge",6
"Construction",2013,"short-rows",210
"Construction",2013,"sideways",10
"Construction",2013,"three-needle-bind",21
"Construction",2013,"thrums",1
"Construction",2013,"twined",2
"Construction",2013,"worked-flat",63
"Construction",2014,"bias",4
"Construction",2014,"bottom-up",3
"Construction",2014,"buttonholes",9
"Construction",2014,"doubleknit",13
"Construction",2014,"entrelac",4
"Construction",2014,"felted",1
"Construction",2014,"gusset",396
"Construction",2014,"icord",11
"Construction",2014,"in-the-round",1225
"Construction",2014,"kitchener",487
"Construction",2014,"modular",15
"Construction",2014,"motifs",1
"Construction",2014,"one-piece",504
"Construction",2014,"provisional",57
"Construction",2014,"seamed",18
"Construction",2014,"seamless",537
"Construction",2014,"selvedge",8
"Construction",2014,"short-rows",226
"Construction",2014,"sideways",6
"Construction",2014,"three-needle-bind",19
"Construction",2014,"twined",3
"Construction",2014,"worked-flat",41
"Construction",2015,"bias",3
"Construction",2015,"bottom-up",1
"Construction",2015,"buttonholes",5
"Construction",2015,"doubleknit",2
"Construction",2015,"entrelac",5
"Construction",2015,"felted",1
"Construction",2015,"gusset",458
"Construction",2015,"icord",8
"Construction",2015,"in-the-round",1258
"Construction",2015,"kitchener",524
"Construction",2015,"modular",11
"Construction",2015,"one-piece",554
"Construction",2015,"provisional",50
"Construction",2015,"seamed",7
"Construction",2015,"seamless",600
"Construction",2015,"selvedge",6
"Construction",2015,"short-rows",258
"Construction",2015,"sideways",10
"Construction",2015,"three-needle-bind",31
"Construction",2015,"twined",4
"Construction",2015,"worked-flat",44
"Construction",2016,"bias",5
"Construction",2016,"bottom-up",3
"Construction",2016,"buttonholes",3
"Construction",2016,"doubleknit",1
"Construction",2016,"entrelac",5
"Construction",2016,"freeform",1
"Construction",2016,"gusset",383
"Construction",2016,"icord",10
"Construction",2016,"in-the-round",1243
"Construction",2016,"kitchener",469
"Construction",2016,"modular",15
"Construction",2016,"one-piece",535
"Construction",2016,"provisional",31
"Construction",2016,"seamed",15
"Construction",2016,"seamless",575
"Construction",2016,"selvedge",7
"Construction",2016,"short-rows",252
"Construction",2016,"sideways",3
"Construction",2016,"three-needle-bind",39
"Construction",2016,"thrums",1
"Construction",2016,"worked-flat",48
"Construction",2017,"bias",3
"Construction",2017,"buttonholes",3
"Construction",2017,"doubleknit",2
"Construction",2017,"entrelac",2
"Construction",2017,"gusset",536
"Construction",2017,"icord",13
"Construction",2017,"in-the-round",1576
"Construction",2017,"kitchener",580
"Construction",2017,"modular",6
"Construction",2017,"one-piece",704
"Construction",2017,"provisional",38
"Construction",2017,"seamed",17
"Construction",2017,"seamless",762
"Construction",2017,"selvedge",3
"Construction",2017,"short-rows",329
"Construction",2017,"sideways",4
"Construction",2017,"three-needle-bind",26
"Construction",2017,"twined",4
"Construction",2017,"worked-flat",37
"Construction",2018,"bias",8
"Construction",2018,"bottom-up",2
"Construction",2018,"buttonholes",3
"Construction",2018,"doubleknit",2
"Construction",2018,"entrelac",4
"Construction",2018,"felted",2
"Construction",2018,"gusset",582
"Construction",2018,"icord",8
"Construction",2018,"in-the-round",1589
"Construction",2018,"kitchener",638
"Construction",2018,"modular",9
"Construction",2018,"one-piece",699
"Construction",2018,"provisional",34
"Construction",2018,"seamed",21
"Construction",2018,"seamless",743
"Construction",2018,"selvedge",8
"Construction",2018,"short-rows",351
"Construction",2018,"sideways",8
"Construction",2018,"three-needle-bind",30
"Construction",2018,"twined",2
"Construction",2018,"worked-flat",50
"Construction",2019,"bias",7
"Construction",2019,"bottom-up",3
"Construction",2019,"buttonholes",3
"Construction",2019,"doubleknit",3
"Construction",2019,"entrelac",3
"Construction",2019,"felted",3
"Construction",2019,"gusset",555
"Construction",2019,"icord",10
"Construction",2019,"in-the-round",1665
"Construction",2019,"kitchener",605
"Construction",2019,"modular",12
"Construction",2019,"motifs",1
"Construction",2019,"one-piece",701
"Construction",2019,"provisional",49
"Construction",2019,"seamed",20
"Construction",2019,"seamless",786
"Construction",2019,"selvedge",5
"Construction",2019,"short-rows",353
"Construction",2019,"sideways",4
"Construction",2019,"three-needle-bind",18
"Construction",2019,"twined",5
"Construction",2019,"worked-flat",53
"Construction",2020,"bias",2
"Construction",2020,"bottom-up",2
"Construction",2020,"doubleknit",2
"Construction",2020,"freeform",1
"Construction",2020,"gusset",739
"Construction",2020,"icord",8
"Construction",2020,"in-the-round",2009
"Construction",2020,"kitchener",743
"Construction",2020,"modular",6
"Construction",2020,"moebius",1
"Construction",2020,"motifs",1
"Construction",2020,"one-piece",817
"Construction",2020,"provisional",60
"Construction",2020,"seamed",15
"Construction",2020,"seamless",933
"Construction",2020,"selvedge",9
"Construction",2020,"short-rows",444
"Construction",2020,"sideways",6
"Construction",2020,"three-needle-bind",30
"Construction",2020,"top-down",2
"Construction",2020,"twined",3
"Construction",2020,"worked-flat",59
"Construction",2021,"bias",2
"Construction",2021,"bottom-up",3
"Construction",2021,"buttonholes",2
"Construction",2021,"doubleknit",4
"Construction",2021,"entrelac",2
"Construction",2021,"felted",2
"Construction",2021,"gusset",719
"Construction",2021,"icord",6
"Construction",2021,"in-the-round",2214
"Construction",2021,"kitchener",921
"Construction",2021,"modular",16
"Construction",2021,"motifs",2
"Construction",2021,"one-piece",1055
"Construction",2021,"provisional",52
"Construction",2021,"seamed",16
"Construction",2021,"seamless",1043
"Construction",2021,"selvedge",17
"Construction",2021,"short-rows",453
"Construction",2021,"sideways",12
"Construction",2021,"three-needle-bind",25
"Construction",2021,"twined",3
"Construction",2021,"worked-flat",68
"Construction",2022,"bias",4
"Construction",2022,"bottom-up",3
"Construction",2022,"buttonholes",3
"Construction",2022,"doubleknit",8
"Construction",2022,"entrelac",1
"Construction",2022,"gusset",620
"Construction",2022,"icord",11
"Construction",2022,"in-the-round",1904
"Construction",2022,"kitchener",714
"Construction",2022,"modular",9
"Construction",2022,"motifs",5
"Construction",2022,"one-piece",849
"Construction",2022,"provisional",47
"Construction",2022,"seamed",15
"Construction",2022,"seamless",856
"Construction",2022,"selvedge",14
"Construction",2022,"short-rows",375
"Construction",2022,"sideways",17
"Construction",2022,"three-needle-bind",24
"Construction",2022,"thrums",1
"Construction",2022,"top-down",1
"Construction",2022,"twined",4
"Construction",2022,"worked-flat",100
"Construction",2023,"bias",2
"Construction",2023,"bottom-up",5
"Construction",2023,"buttonholes",5
"Construction",2023,"doubleknit",8
"Construction",2023,"felted",1
"Construction",2023,"gusset",602
"Construction",2023,"icord",17
"Construction",2023,"in-the-round",1715
"Construction",2023,"kitchener",640
"Construction",2023,"modular",9
"Construction",2023,"motifs",3
"Construction",2023,"one-piece",758
"Construction",2023,"provisional",53
"Construction",2023,"seamed",14
"Construction",2023,"seamless",745
"Construction",2023,"selvedge",15
"Construction",2023,"short-rows",340
"Construction",2023,"sideways",6
"Construction",2023,"three-needle-bind",15
"Construction",2023,"top-down",6
"Construction",2023,"twined",5
"Construction",2023,"worked-flat",69
"Fabric Characteristics",2013,"bobble-or-popcorn",26
"Fabric Characteristics",2013,"brioche-tuck",1
"Fabric Characteristics",2013,"cables",567
"Fabric Characteristics",2013,"chevron",14
"Fabric Characteristics",2013,"dropped-stitches",6
"Fabric Characteristics",2013,"elastic",45
"Fabric Characteristics",2013,"eyelets",154
"Fabric Characteristics",2013,"lace",469
"Fabric Characteristics",2013,"mesh",14
"Fabric Characteristics",2013,"reversible",6
"Fabric Characteristics",2013,"ribbed",609
"Fabric Characteristics",2013,"ripple",12
"Fabric Characteristics",2013,"slipped-stitches",139
"Fabric Characteristics",2013,"smocked",4
"Fabric Characteristics",2013,"textured",340
"Fabric Characteristics",2013,"twisted-stitches",263
"Fabric Characteristics",2014,"bobble-or-popcorn",22
"Fabric Characteristics",2014,"brioche-tuck",1
"Fabric Characteristics",2014,"cables",524
"Fabric Characteristics",2014,"chevron",20
"Fabric Characteristics",2014,"dropped-stitches",6
"Fabric Characteristics",2014,"elastic",31
"Fabric Characteristics",2014,"eyelets",129
"Fabric Characteristics",2014,"lace",423
"Fabric Characteristics",2014,"mesh",9
"Fabric Characteristics",2014,"reversible",10
"Fabric Characteristics",2014,"ribbed",558
"Fabric Characteristics",2014,"ripple",13
"Fabric Characteristics",2014,"slipped-stitches",144
"Fabric Characteristics",2014,"smocked",3
"Fabric Characteristics",2014,"textured",360
"Fabric Characteristics",2014,"twisted-stitches",217
"Fabric Characteristics",2015,"bobble-or-popcorn",26
"Fabric Characteristics",2015,"brioche-tuck",2
"Fabric Characteristics",2015,"cables",559
"Fabric Characteristics",2015,"chevron",18
"Fabric Characteristics",2015,"dropped-stitches",9
"Fabric Characteristics",2015,"elastic",29
"Fabric Characteristics",2015,"eyelets",180
"Fabric Characteristics",2015,"lace",489
"Fabric Characteristics",2015,"mesh",6
"Fabric Characteristics",2015,"reversible",9
"Fabric Characteristics",2015,"ribbed",603
"Fabric Characteristics",2015,"ripple",16
"Fabric Characteristics",2015,"slipped-stitches",160
"Fabric Characteristics",2015,"smocked",7
"Fabric Characteristics",2015,"textured",366
"Fabric Characteristics",2015,"twisted-stitches",235
"Fabric Characteristics",2016,"bobble-or-popcorn",17
"Fabric Characteristics",2016,"brioche-tuck",7
"Fabric Characteristics",2016,"cables",544
"Fabric Characteristics",2016,"chevron",23
"Fabric Characteristics",2016,"dropped-stitches",16
"Fabric Characteristics",2016,"elastic",17
"Fabric Characteristics",2016,"eyelets",165
"Fabric Characteristics",2016,"lace",446
"Fabric Characteristics",2016,"mesh",12
"Fabric Characteristics",2016,"reversible",13
"Fabric Characteristics",2016,"ribbed",544
"Fabric Characteristics",2016,"ripple",8
"Fabric Characteristics",2016,"slipped-stitches",188
"Fabric Characteristics",2016,"smocked",11
"Fabric Characteristics",2016,"textured",375
"Fabric Characteristics",2016,"twisted-stitches",187
"Fabric Characteristics",2017,"bobble-or-popcorn",28
"Fabric Characteristics",2017,"brioche-tuck",10
"Fabric Characteristics",2017,"cables",522
"Fabric Characteristics",2017,"chevron",14
"Fabric Characteristics",2017,"dropped-stitches",8
"Fabric Characteristics",2017,"elastic",40
"Fabric Characteristics",2017,"eyelets",202
"Fabric Characteristics",2017,"lace",488
"Fabric Characteristics",2017,"mesh",11
"Fabric Characteristics",2017,"reversible",17
"Fabric Characteristics",2017,"ribbed",702
"Fabric Characteristics",2017,"ripple",15
"Fabric Characteristics",2017,"slipped-stitches",209
"Fabric Characteristics",2017,"smocked",10
"Fabric Characteristics",2017,"textured",496
"Fabric Characteristics",2017,"twisted-stitches",217
"Fabric Characteristics",2018,"bobble-or-popcorn",38
"Fabric Characteristics",2018,"brioche-tuck",17
"Fabric Characteristics",2018,"cables",618
"Fabric Characteristics",2018,"chevron",12
"Fabric Characteristics",2018,"dropped-stitches",14
"Fabric Characteristics",2018,"elastic",36
"Fabric Characteristics",2018,"eyelets",210
"Fabric Characteristics",2018,"lace",527
"Fabric Characteristics",2018,"mesh",7
"Fabric Characteristics",2018,"reversible",20
"Fabric Characteristics",2018,"ribbed",739
"Fabric Characteristics",2018,"ripple",15
"Fabric Characteristics",2018,"slipped-stitches",287
"Fabric Characteristics",2018,"smocked",6
"Fabric Characteristics",2018,"textured",551
"Fabric Characteristics",2018,"twisted-stitches",245
"Fabric Characteristics",2019,"bobble-or-popcorn",63
"Fabric Characteristics",2019,"brioche-tuck",13
"Fabric Characteristics",2019,"cables",601
"Fabric Characteristics",2019,"chevron",28
"Fabric Characteristics",2019,"dropped-stitches",9
"Fabric Characteristics",2019,"elastic",63
"Fabric Characteristics",2019,"eyelets",211
"Fabric Characteristics",2019,"lace",506
"Fabric Characteristics",2019,"mesh",6
"Fabric Characteristics",2019,"reversible",13
"Fabric Characteristics",2019,"ribbed",750
"Fabric Characteristics",2019,"ripple",12
"Fabric Characteristics",2019,"slipped-stitches",308
"Fabric Characteristics",2019,"smocked",9
"Fabric Characteristics",2019,"textured",622
"Fabric Characteristics",2019,"twisted-stitches",249
"Fabric Characteristics",2020,"bobble-or-popcorn",95
"Fabric Characteristics",2020,"brioche-tuck",21
"Fabric Characteristics",2020,"cables",687
"Fabric Characteristics",2020,"chevron",21
"Fabric Characteristics",2020,"dropped-stitches",9
"Fabric Characteristics",2020,"elastic",84
"Fabric Characteristics",2020,"eyelets",244
"Fabric Characteristics",2020,"lace",660
"Fabric Characteristics",2020,"mesh",16
"Fabric Characteristics",2020,"reversible",21
"Fabric Characteristics",2020,"ribbed",906
"Fabric Characteristics",2020,"ripple",8
"Fabric Characteristics",2020,"slipped-stitches",321
"Fabric Characteristics",2020,"smocked",6
"Fabric Characteristics",2020,"textured",714
"Fabric Characteristics",2020,"twisted-stitches",345
"Fabric Characteristics",2021,"bobble-or-popcorn",106
"Fabric Characteristics",2021,"brioche-tuck",15
"Fabric Characteristics",2021,"cables",675
"Fabric Characteristics",2021,"chevron",16
"Fabric Characteristics",2021,"dropped-stitches",7
"Fabric Characteristics",2021,"elastic",62
"Fabric Characteristics",2021,"eyelets",265
"Fabric Characteristics",2021,"lace",645
"Fabric Characteristics",2021,"mesh",16
"Fabric Characteristics",2021,"reversible",11
"Fabric Characteristics",2021,"ribbed",977
"Fabric Characteristics",2021,"ripple",11
"Fabric Characteristics",2021,"slipped-stitches",324
"Fabric Characteristics",2021,"smocked",12
"Fabric Characteristics",2021,"textured",720
"Fabric Characteristics",2021,"twisted-stitches",357
"Fabric Characteristics",2022,"bobble-or-popcorn",90
"Fabric Characteristics",2022,"brioche-tuck",15
"Fabric Characteristics",2022,"cables",551
"Fabric Characteristics",2022,"chevron",12
"Fabric Characteristics",2022,"dropped-stitches",6
"Fabric Characteristics",2022,"elastic",55
"Fabric Characteristics",2022,"eyelets",210
"Fabric Characteristics",2022,"lace",508
"Fabric Characteristics",2022,"mesh",7
"Fabric Characteristics",2022,"reversible",8
"Fabric Characteristics",2022,"ribbed",784
"Fabric Characteristics",2022,"ripple",5
"Fabric Characteristics",2022,"slipped-stitches",289
"Fabric Characteristics",2022,"smocked",10
"Fabric Characteristics",2022,"textured",621
"Fabric Characteristics",2022,"twisted-stitches",283
"Fabric Characteristics",2023,"bobble-or-popcorn",68
"Fabric Characteristics",2023,"brioche-tuck",16
"Fabric Characteristics",2023,"cables",510
"Fabric Characteristics",2023,"chevron",13
"Fabric Characteristics",2023,"dropped-stitches",11
"Fabric Characteristics",2023,"elastic",54
"Fabric Characteristics",2023,"eyelets",170
"Fabric Characteristics",2023,"lace",370
"Fabric Characteristics",2023,"mesh",7
"Fabric Characteristics",2023,"reversible",11
"Fabric Characteristics",2023,"ribbed",674
"Fabric Characteristics",2023,"ripple",7
"Fabric Characteristics",2023,"slipped-stitches",238
"Fabric Characteristics",2023,"smocked",13
"Fabric Characteristics",2023,"textured",481
"Fabric Characteristics",2023,"twisted-stitches",239
"Heel technique",2013,"afterthought-heel",83
"Heel technique",2013,"dutch-heel",87
"Heel technique",2013,"heel-flap",1077
"Heel technique",2013,"other-heel",172
"Heel technique",2013,"short-row-heel",397
"Heel technique",2014,"afterthought-heel",75
"Heel technique",2014,"dutch-heel",51
"Heel technique",2014,"heel-flap",1018
"Heel technique",2014,"other-heel",203
"Heel technique",2014,"short-row-heel",383
"Heel technique",2015,"afterthought-heel",108
"Heel technique",2015,"dutch-heel",36
"Heel technique",2015,"heel-flap",1066
"Heel technique",2015,"other-heel",199
"Heel technique",2015,"short-row-heel",355
"Heel technique",2016,"afterthought-heel",121
"Heel technique",2016,"dutch-heel",50
"Heel technique",2016,"heel-flap",1043
"Heel technique",2016,"other-heel",159
"Heel technique",2016,"short-row-heel",428
"Heel technique",2017,"afterthought-heel",164
"Heel technique",2017,"dutch-heel",102
"Heel technique",2017,"heel-flap",1160
"Heel technique",2017,"other-heel",192
"Heel technique",2017,"short-row-heel",620
"Heel technique",2018,"afterthought-heel",189
"Heel technique",2018,"dutch-heel",101
"Heel technique",2018,"heel-flap",1355
"Heel technique",2018,"other-heel",189
"Heel technique",2018,"short-row-heel",648
"Heel technique",2019,"afterthought-heel",204
"Heel technique",2019,"dutch-heel",113
"Heel technique",2019,"heel-flap",1360
"Heel technique",2019,"other-heel",209
"Heel technique",2019,"short-row-heel",648
"Heel technique",2020,"afterthought-heel",216
"Heel technique",2020,"dutch-heel",102
"Heel technique",2020,"heel-flap",1792
"Heel technique",2020,"other-heel",308
"Heel technique",2020,"short-row-heel",818
"Heel technique",2021,"afterthought-heel",297
"Heel technique",2021,"dutch-heel",141
"Heel technique",2021,"heel-flap",1785
"Heel technique",2021,"other-heel",282
"Heel technique",2021,"short-row-heel",835
"Heel technique",2022,"afterthought-heel",262
"Heel technique",2022,"dutch-heel",118
"Heel technique",2022,"heel-flap",1592
"Heel technique",2022,"other-heel",282
"Heel technique",2022,"short-row-heel",794
"Heel technique",2023,"afterthought-heel",186
"Heel technique",2023,"dutch-heel",105
"Heel technique",2023,"heel-flap",1623
"Heel technique",2023,"other-heel",227
"Heel technique",2023,"short-row-heel",747
"Regional / Ethnic Styles",2013,"Shetland",3
"Regional / Ethnic Styles",2013,"andean",2
"Regional / Ethnic Styles",2013,"aran",2
"Regional / Ethnic Styles",2013,"bavarian",17
"Regional / Ethnic Styles",2013,"estonian",7
"Regional / Ethnic Styles",2013,"fairisle",11
"Regional / Ethnic Styles",2013,"finnish",2
"Regional / Ethnic Styles",2013,"guernsey",10
"Regional / Ethnic Styles",2013,"icelandic",2
"Regional / Ethnic Styles",2013,"irish",1
"Regional / Ethnic Styles",2013,"latvian",10
"Regional / Ethnic Styles",2013,"norwegian",15
"Regional / Ethnic Styles",2013,"orenburg",1
"Regional / Ethnic Styles",2013,"swedish",2
"Regional / Ethnic Styles",2013,"turkish",4
"Regional / Ethnic Styles",2014,"Shetland",1
"Regional / Ethnic Styles",2014,"andean",1
"Regional / Ethnic Styles",2014,"aran",2
"Regional / Ethnic Styles",2014,"bavarian",16
"Regional / Ethnic Styles",2014,"danish",1
"Regional / Ethnic Styles",2014,"estonian",8
"Regional / Ethnic Styles",2014,"fairisle",4
"Regional / Ethnic Styles",2014,"faroese",2
"Regional / Ethnic Styles",2014,"finnish",10
"Regional / Ethnic Styles",2014,"guernsey",8
"Regional / Ethnic Styles",2014,"icelandic",3
"Regional / Ethnic Styles",2014,"latvian",3
"Regional / Ethnic Styles",2014,"norwegian",17
"Regional / Ethnic Styles",2014,"swedish",6
"Regional / Ethnic Styles",2014,"turkish",1
"Regional / Ethnic Styles",2015,"Shetland",2
"Regional / Ethnic Styles",2015,"aran",5
"Regional / Ethnic Styles",2015,"bavarian",24
"Regional / Ethnic Styles",2015,"estonian",15
"Regional / Ethnic Styles",2015,"fairisle",5
"Regional / Ethnic Styles",2015,"finnish",18
"Regional / Ethnic Styles",2015,"guernsey",5
"Regional / Ethnic Styles",2015,"icelandic",1
"Regional / Ethnic Styles",2015,"latvian",13
"Regional / Ethnic Styles",2015,"norwegian",23
"Regional / Ethnic Styles",2015,"sami",1
"Regional / Ethnic Styles",2015,"swedish",6
"Regional / Ethnic Styles",2016,"andean",1
"Regional / Ethnic Styles",2016,"bavarian",14
"Regional / Ethnic Styles",2016,"estonian",5
"Regional / Ethnic Styles",2016,"fairisle",6
"Regional / Ethnic Styles",2016,"finnish",8
"Regional / Ethnic Styles",2016,"guernsey",9
"Regional / Ethnic Styles",2016,"icelandic",1
"Regional / Ethnic Styles",2016,"irish",1
"Regional / Ethnic Styles",2016,"latvian",6
"Regional / Ethnic Styles",2016,"norwegian",22
"Regional / Ethnic Styles",2016,"swedish",7
"Regional / Ethnic Styles",2016,"turkish",1
"Regional / Ethnic Styles",2017,"Shetland",2
"Regional / Ethnic Styles",2017,"aran",1
"Regional / Ethnic Styles",2017,"bavarian",19
"Regional / Ethnic Styles",2017,"estonian",4
"Regional / Ethnic Styles",2017,"fairisle",10
"Regional / Ethnic Styles",2017,"finnish",6
"Regional / Ethnic Styles",2017,"guernsey",5
"Regional / Ethnic Styles",2017,"icelandic",3
"Regional / Ethnic Styles",2017,"irish",1
"Regional / Ethnic Styles",2017,"latvian",9
"Regional / Ethnic Styles",2017,"norwegian",27
"Regional / Ethnic Styles",2017,"sami",1
"Regional / Ethnic Styles",2017,"swedish",6
"Regional / Ethnic Styles",2017,"turkish",5
"Regional / Ethnic Styles",2018,"Shetland",3
"Regional / Ethnic Styles",2018,"bavarian",15
"Regional / Ethnic Styles",2018,"estonian",11
"Regional / Ethnic Styles",2018,"fairisle",15
"Regional / Ethnic Styles",2018,"finnish",6
"Regional / Ethnic Styles",2018,"guernsey",6
"Regional / Ethnic Styles",2018,"icelandic",2
"Regional / Ethnic Styles",2018,"latvian",11
"Regional / Ethnic Styles",2018,"norwegian",49
"Regional / Ethnic Styles",2018,"sami",2
"Regional / Ethnic Styles",2018,"swedish",13
"Regional / Ethnic Styles",2018,"turkish",1
"Regional / Ethnic Styles",2019,"aran",2
"Regional / Ethnic Styles",2019,"bavarian",8
"Regional / Ethnic Styles",2019,"danish",1
"Regional / Ethnic Styles",2019,"estonian",4
"Regional / Ethnic Styles",2019,"fairisle",11
"Regional / Ethnic Styles",2019,"finnish",5
"Regional / Ethnic Styles",2019,"guernsey",9
"Regional / Ethnic Styles",2019,"icelandic",1
"Regional / Ethnic Styles",2019,"latvian",8
"Regional / Ethnic Styles",2019,"norwegian",21
"Regional / Ethnic Styles",2019,"swedish",4
"Regional / Ethnic Styles",2020,"aran",1
"Regional / Ethnic Styles",2020,"bavarian",13
"Regional / Ethnic Styles",2020,"estonian",1
"Regional / Ethnic Styles",2020,"fairisle",20
"Regional / Ethnic Styles",2020,"finnish",6
"Regional / Ethnic Styles",2020,"guernsey",1
"Regional / Ethnic Styles",2020,"icelandic",17
"Regional / Ethnic Styles",2020,"latvian",26
"Regional / Ethnic Styles",2020,"norwegian",33
"Regional / Ethnic Styles",2020,"swedish",3
"Regional / Ethnic Styles",2021,"aran",3
"Regional / Ethnic Styles",2021,"bavarian",6
"Regional / Ethnic Styles",2021,"estonian",4
"Regional / Ethnic Styles",2021,"fairisle",47
"Regional / Ethnic Styles",2021,"finnish",12
"Regional / Ethnic Styles",2021,"guernsey",5
"Regional / Ethnic Styles",2021,"icelandic",2
"Regional / Ethnic Styles",2021,"irish",2
"Regional / Ethnic Styles",2021,"latvian",15
"Regional / Ethnic Styles",2021,"norwegian",45
"Regional / Ethnic Styles",2021,"sami",1
"Regional / Ethnic Styles",2021,"swedish",7
"Regional / Ethnic Styles",2022,"Shetland",1
"Regional / Ethnic Styles",2022,"aran",2
"Regional / Ethnic Styles",2022,"bavarian",12
"Regional / Ethnic Styles",2022,"estonian",6
"Regional / Ethnic Styles",2022,"fairisle",46
"Regional / Ethnic Styles",2022,"faroese",1
"Regional / Ethnic Styles",2022,"finnish",6
"Regional / Ethnic Styles",2022,"guernsey",5
"Regional / Ethnic Styles",2022,"icelandic",2
"Regional / Ethnic Styles",2022,"latvian",11
"Regional / Ethnic Styles",2022,"norwegian",35
"Regional / Ethnic Styles",2022,"swedish",3
"Regional / Ethnic Styles",2022,"turkish",1
"Regional / Ethnic Styles",2023,"aran",1
"Regional / Ethnic Styles",2023,"bavarian",2
"Regional / Ethnic Styles",2023,"estonian",7
"Regional / Ethnic Styles",2023,"fairisle",28
"Regional / Ethnic Styles",2023,"finnish",6
"Regional / Ethnic Styles",2023,"icelandic",1
"Regional / Ethnic Styles",2023,"latvian",11
"Regional / Ethnic Styles",2023,"norwegian",20
"Regional / Ethnic Styles",2023,"swedish",2
"Regional / Ethnic Styles",2023,"turkish",2
"Sock Techniques",2013,"2-at-a-time",58
"Sock Techniques",2013,"noshaping",65
"Sock Techniques",2013,"seamed-sock",48
"Sock Techniques",2013,"shaped-arches",43
"Sock Techniques",2013,"start-in-middle",8
"Sock Techniques",2013,"toe-up",497
"Sock Techniques",2013,"top-cuff-down",1678
"Sock Techniques",2014,"2-at-a-time",73
"Sock Techniques",2014,"noshaping",82
"Sock Techniques",2014,"seamed-sock",12
"Sock Techniques",2014,"shaped-arches",33
"Sock Techniques",2014,"start-in-middle",10
"Sock Techniques",2014,"toe-up",636
"Sock Techniques",2014,"top-cuff-down",1522
"Sock Techniques",2015,"2-at-a-time",93
"Sock Techniques",2015,"noshaping",62
"Sock Techniques",2015,"seamed-sock",14
"Sock Techniques",2015,"shaped-arches",35
"Sock Techniques",2015,"start-in-middle",6
"Sock Techniques",2015,"toe-up",576
"Sock Techniques",2015,"top-cuff-down",1558
"Sock Techniques",2016,"2-at-a-time",115
"Sock Techniques",2016,"noshaping",89
"Sock Techniques",2016,"seamed-sock",17
"Sock Techniques",2016,"shaped-arches",51
"Sock Techniques",2016,"start-in-middle",13
"Sock Techniques",2016,"toe-up",594
"Sock Techniques",2016,"top-cuff-down",1586
"Sock Techniques",2017,"2-at-a-time",96
"Sock Techniques",2017,"noshaping",87
"Sock Techniques",2017,"seamed-sock",13
"Sock Techniques",2017,"shaped-arches",55
"Sock Techniques",2017,"start-in-middle",5
"Sock Techniques",2017,"toe-up",793
"Sock Techniques",2017,"top-cuff-down",1857
"Sock Techniques",2018,"2-at-a-time",96
"Sock Techniques",2018,"noshaping",108
"Sock Techniques",2018,"seamed-sock",23
"Sock Techniques",2018,"shaped-arches",56
"Sock Techniques",2018,"start-in-middle",9
"Sock Techniques",2018,"toe-up",841
"Sock Techniques",2018,"top-cuff-down",2147
"Sock Techniques",2019,"2-at-a-time",86
"Sock Techniques",2019,"noshaping",113
"Sock Techniques",2019,"seamed-sock",17
"Sock Techniques",2019,"shaped-arches",54
"Sock Techniques",2019,"start-in-middle",11
"Sock Techniques",2019,"toe-up",830
"Sock Techniques",2019,"top-cuff-down",2097
"Sock Techniques",2020,"2-at-a-time",99
"Sock Techniques",2020,"noshaping",129
"Sock Techniques",2020,"seamed-sock",23
"Sock Techniques",2020,"shaped-arches",86
"Sock Techniques",2020,"start-in-middle",15
"Sock Techniques",2020,"toe-up",1028
"Sock Techniques",2020,"top-cuff-down",2734
"Sock Techniques",2021,"2-at-a-time",91
"Sock Techniques",2021,"noshaping",164
"Sock Techniques",2021,"seamed-sock",22
"Sock Techniques",2021,"shaped-arches",67
"Sock Techniques",2021,"start-in-middle",17
"Sock Techniques",2021,"toe-up",987
"Sock Techniques",2021,"top-cuff-down",2962
"Sock Techniques",2022,"2-at-a-time",65
"Sock Techniques",2022,"noshaping",129
"Sock Techniques",2022,"seamed-sock",22
"Sock Techniques",2022,"shaped-arches",60
"Sock Techniques",2022,"start-in-middle",17
"Sock Techniques",2022,"toe-up",871
"Sock Techniques",2022,"top-cuff-down",2713
"Sock Techniques",2023,"2-at-a-time",63
"Sock Techniques",2023,"noshaping",112
"Sock Techniques",2023,"seamed-sock",20
"Sock Techniques",2023,"shaped-arches",45
"Sock Techniques",2023,"start-in-middle",9
"Sock Techniques",2023,"toe-up",737
"Sock Techniques",2023,"top-cuff-down",2561
"Toe Technique",2013,"other-toe",328
"Toe Technique",2013,"short-row-toe",69
"Toe Technique",2013,"star-toe",49
"Toe Technique",2013,"wide-toe",177
"Toe Technique",2014,"other-toe",278
"Toe Technique",2014,"short-row-toe",78
"Toe Technique",2014,"star-toe",43
"Toe Technique",2014,"wide-toe",131
"Toe Technique",2015,"other-toe",316
"Toe Technique",2015,"short-row-toe",78
"Toe Technique",2015,"star-toe",47
"Toe Technique",2015,"wide-toe",153
"Toe Technique",2016,"other-toe",299
"Toe Technique",2016,"short-row-toe",60
"Toe Technique",2016,"star-toe",49
"Toe Technique",2016,"wide-toe",111
"Toe Technique",2017,"other-toe",369
"Toe Technique",2017,"short-row-toe",82
"Toe Technique",2017,"star-toe",45
"Toe Technique",2017,"wide-toe",132
"Toe Technique",2018,"other-toe",375
"Toe Technique",2018,"short-row-toe",113
"Toe Technique",2018,"star-toe",63
"Toe Technique",2018,"wide-toe",190
"Toe Technique",2019,"other-toe",361
"Toe Technique",2019,"short-row-toe",87
"Toe Technique",2019,"star-toe",94
"Toe Technique",2019,"wide-toe",183
"Toe Technique",2020,"other-toe",515
"Toe Technique",2020,"short-row-toe",139
"Toe Technique",2020,"star-toe",84
"Toe Technique",2020,"wide-toe",222
"Toe Technique",2021,"other-toe",580
"Toe Technique",2021,"short-row-toe",127
"Toe Technique",2021,"star-toe",99
"Toe Technique",2021,"wide-toe",267
"Toe Technique",2022,"other-toe",512
"Toe Technique",2022,"short-row-toe",93
"Toe Technique",2022,"star-toe",78
"Toe Technique",2022,"wide-toe",238
"Toe Technique",2023,"other-toe",434
"Toe Technique",2023,"short-row-toe",89
"Toe Technique",2023,"star-toe",87
"Toe Technique",2023,"wide-toe",228
